status,title,company,location,date,blurb,tags,link,id,provider,query
new,Palliative RN Care Manager WellMed Houston TX,UnitedHealth Group Inc,"Houston, TX",2021-01-10,"Palliative RN Care Manager WellMed Houston TX-907081DescriptionDo you have compassion and a passion to help others?Transforming healthcare and millions of lives as a result starts with the values you embrace and the passion you bring to achieveyour lifes best work.(sm)TheRN Supportive / Palliative Care nursecoordinates care and provides initial ongoing nursing assessment of the patient and family needs and coordination of the patients plan of care with interdisciplinary team members and the palliative care attending physician.This position is 75% field based in Houston, with 25% in the office or in Provider Offices for meetings. Office located at: 4700 W Sam Houston Parkway N. Houston, Texas. Monday - Friday: 8am-5pm / On-call responsibilities every 5 weeks - compensated.Primary Responsibilities:Provides ongoing assessments of the impact of life-limiting chronic illness on the patients physical, functional, psychosocial and environmental needsAbility to perform procedures, to include, but not limited to wound care and dressing changes, phlebotomy and injections (B12, vaccines)Ability to conduct an advanced care discussion with a patient and their family and properly document their wishes in the electronic medical recordConsults and educates the patient / family and other caregivers regarding the disease process, pain and symptom management, end of life care and processes for dealing with issues of ethical concernCoordinates all patient / family services and prioritization of needs with the members of the interdisciplinary teamDocuments in the electronic health record progress toward established goals as per standardsUses the case management approach and refers to other services as neededMaintains a patient case load, daily visits and point of care documentation levels as per standardsParticipates with the on-call rotation schedule and weekends as assignedYoull be rewarded and recognized for your performance in an environment that will challenge you and give you clear direction on what it takes to succeed in your role as well as provide development for other roles you may be interested in.QualificationsRequired Qualifications:Registered Nurse with a current, unrestricted, license to practice in the state of Texas5+ years of experience in a clinical, hospice or hospital, rehab or long term care settingKnowledge of EMRExperience related to advanced care planning and discussions with patients regarding end-of-life wishesProficient computer skills, including Microsoft Word, Excel, and OutlookMust have access to reliable means of transportationThis position requires Tuberculosis screening as well as proof of immunity to Measles, Mumps, Rubella, Varicella, Tetanus, Diphtheria, and Pertussis through lab confirmation of immunity, documented evidence of vaccination, or a doctor's diagnosis of diseaseEmployees are required to screen for symptoms using the ProtectWell mobile app, Interactive VoiceResponse (i.e., entering your symptoms via phone system) or a similar UnitedHealth Group approved symptom screener prior to entering the work site each day, in order to keep our work sites safe. Employees must comply with any state and local masking orders. In addition, when in a UnitedHealth Group building, employees are expected to wear a mask in areas where physical distancing cannot be attainedYou will be provisioned with appropriate Personal Protective Equipment (PPE) and are required to perform this role with patients and members on site, as this is an essential function of this rolePreferred Qualifications:BSN2+ years of hospice/palliative experienceBilingual SpanishProficient knowledge of palliative care and end-of-life symptom managementCareers with WellMed.Our focus is simple. We're innovators in preventative health care, striving to change the face of health care for seniors. We're impacting550,000+ lives, primarily Medicare eligible seniors in Texas and Florida, through primary and multi - specialty clinics, and contracted medical management services. We've joined Optum, part of the UnitedHealth Group family of companies, and our mission is to help the sick become well and to help patients understand and control their health in a lifelong effort at wellness. Our providers and staff are selected for their dedication and focus on preventative, proactive care. For you, that means one incredible team and a singular opportunity to doyour life's best work.(sm)Diversity creates a healthier atmosphere: UnitedHealth Group is an Equal Employment Opportunity/Affirmative Action employer and all qualified applicants will receive consideration for employment without regard to race, color, religion, sex, age, national origin, protected veteran status, disability status, sexual orientation, gender identity or expression, marital status, genetic information, or any other characteristic protected by law.UnitedHealth Group is a drug-free workplace. Candidates are required to pass a drug test before beginning employment.Job Keywords: RN, Registered Nurse, Case Manager, Care Manager, Hospice, Palliative, End-of-life, travel, field, managed care, Medicare, Houston, TX, TexasJobHealth Care Delivery (Clin Care)Primary LocationUS-TX-HoustonOther LocationsUS-TexasOrganizationWellMed Medical Mgmt, IncScheduleFull-timeNumber of Openings2",,https://job-openings.monster.com/palliative-rn-care-manager-wellmed-houston-tx-houston-tx-us-unitedhealth-group-inc/2d4d1d74-d336-42db-ae5d-320f48e06d2b,2d4d1d74-d336-42db-ae5d-320f48e06d2b,monster,Phlebotomy-Phlebotomist-Lab
new,Facility Phlebotomist- Floater,Gulf Coast Regional Blood Center,"Houston, TX 77054 (Astrodome Area area)",2021-01-11,,,http://www.indeed.com/viewjob?jk=9de4736cd3798a59,9de4736cd3798a59,indeed,Phlebotomy+Phlebotomist
new,Facility Phlebotomist- Champions,Gulf Coast Regional Blood Center,"Houston, TX 77069",2021-01-11,,,http://www.indeed.com/viewjob?jk=af1b668f256bc7ac,af1b668f256bc7ac,indeed,Phlebotomy+Phlebotomist
new,Phlebotomist - Laboratory (PRN),Bayshore Medical Center - Pasadena,"Pasadena, TX 77504",2021-01-09,,,http://www.indeed.com/viewjob?jk=9042e380a7a08284,9042e380a7a08284,indeed,Phlebotomy+Phlebotomist
new,Phlebotomist - Laboratory (PRN),Bayshore Medical Center - Pasadena,"Pasadena, TX 77504",2021-01-09,,,http://www.indeed.com/viewjob?jk=dacbe91889650bc3,dacbe91889650bc3,indeed,Phlebotomy+Phlebotomist
new,Infusion Registered Nurse (RN),Texas Oncology,"Houston, TX",2021-01-09,"Position SummaryTexas Oncology is looking for an Infusion Registered Nurse (RN) to join our team! This position will support the Memorial City location in Houston, TX. This is a full-time Monday-Friday 8a-5p position with no weekends, call, or major holidays. Texas Oncology is the largest community oncology provider in the country and has approximately 600+ providers in 220+ sites across Texas and southeastern Oklahoma. Our founders pioneered community-based cancer care because they believed in making the best available cancer care accessible to all communities, allowing people to fight cancer at home with the critical support of family and friends nearby. Our mission is still the same todayat Texas Oncology, we use leading-edge technology and research to deliver high-quality, high-touch, evidence-based cancer care to help our patients achieve More breakthroughs. More victories.  in their fight against cancer. Today, Texas Oncology treats half of all Texans diagnosed with cancer on an annual basis.  Why work for us?  Come join our team that is responsible for helping lead Texas Oncology in treating more patient diagnosed with cancer than any other provider in Texas. We offer our employees a competitive benefits package that includes Medical, Dental, Vision, Life Insurance, Short-term and Long-term disability coverage, a generous PTO program, a 401k plan that comes with a company match, a Wellness program that rewards you practicing a healthy lifestyle, and lots of other great perks such as Tuition Reimbursement, an Employee Assistance program and discounts on some of your favorite retailers.  The ideal candidate for the Infusion Registered Nurse (RN) will have the following background and experience:   Graduate from an accredited program for professional nursing education, BSN preferred. Willing to consider a mid-, or senior-level candidate. Minimum of 1-3 years of experience. Oncology experience strongly preferred.  Current RN state license with the State Board of Nursing in practicing state.  Current BCLS (Basic Cardiac and Life Support) certification required.    What does the Infusion Registered Nurse (RN) do?  Under general supervision, the Registered Nurse (RN) provides professional nursing care for patients adhering to national and company standards and guidelines for specialty regulations. Must recognize physical, psychological, and spiritual aspects of care and participates in companywide quality initiatives. Supports and adheres to the US Oncology Compliance Program, to include the Code of Ethics and Business Standards.  The essential duties and responsibilities:  Demonstrates knowledge of age specific differences in the patient population including physiological and developmental differences unique to each group. Assess and monitors therapy of patients using appropriate technical skills under the direction and supervision of a physician.  Maintains efficient and appropriate patient flow. Demonstrates knowledge of reimbursement procedures and charge capture.  Performs venipuncture, accesses implanted ports and maintains central venous access devices and alternate delivering systems. Provides nursing coverage for the satellite offices as needed. This may include the Katy location   Texas Oncology is part of the US Oncology Network and is an Equal Opportunity Employer. All qualified applicants will receive consideration for employment without regard to race, color, religion, sex, sexual orientation, gender identity, or national origin.  Category:         Clinical    Post to: *N    *M    The US Oncology Network is an Equal Opportunity Employer. All qualified applicants will receive consideration for employment without regard to race, color, religion, sex, national origin, sexual orientation, gender identity, disability or protected veteran status.",,https://job-openings.monster.com/infusion-registered-nurse-rn-houston-tx-us-texas-oncology/223383347,223383347,monster,Phlebotomy-Phlebotomist
new,Registered Nurse (RN) PRN CV IMU,HCA Houston Healthcare Clear Lake,"Webster, TX",2021-01-10,,,https://job-openings.monster.com/registered-nurse-rn-prn-cv-imu-webster-tx-us-hca-houston-healthcare-clear-lake/5614ebc1-94b2-46e1-8ee5-1d159b9038d6,5614ebc1-94b2-46e1-8ee5-1d159b9038d6,monster,Phlebotomy-Phlebotomist
new,Certified or Registered Medical Assistant,"Yoh, A Day & Zimmermann Company","Houston, TX",2021-01-11,"Registered or Certified Medical Assistantneeded for afull-timelong-term contractopportunity with Yohs client located in Houston, TX 77079.
This is located at a medical clinic (occupational health clinic) for employees only that is locatedonsite at corporate office. They offer urgent care type services and MA is primarily responsible for administrative tasks.
Top Skills You Should Possess:

Registered or Certified Medical Assistant (CCMA, CMA, or RMA)
Timely and effective communication as demonstrated through strong verbal, written and interpersonal skills
Preferred experience in: Occupational Health, Urgent Care, Emergency Medicine, or Primary Care/Family Practice

What Youll Be Doing:

Perform front and back office duties; currently due to COVID, responsibilitiesmainly geared towards front office
Assist with pre-employment physicals, drugs screens, vision/hearing testing, injections, and other duties as assigned
Blood draws
Support the DOT Drug Testing and Breath Alcohol Testing Programs
Assist at the front desk to greet guests and enter them appropriately in the electronic system
Take phone calls and schedule appointments
Charting and computer related work; contact tracing for COVID cases, return-to-work, etc.

What You Need to Bring to the Table:

Ability to work Monday-Thursday 7:00am - 3:30pm and Fridays 7:00am - 2:30pm
Current BLS
Good computer skills
Positive, can-do attitude

Whats In It For You?

Great work-life balance with no nights, holidays, or weekends needed.
Lower-risk work environment
Weekly direct deposit every Friday!


What are you waiting for? APPLY NOW!
WE APPRECIATE REFERRALS! HELP US SPREAD THE WORD!

Recruiter:Hana Daniels
Phone:818.307.8541
Yoh, a Day & Zimmermann company, is an Equal Opportunity Employer. All qualified applicants will receive consideration for employment without regard to race, color, religion, sex, sexual orientation, gender identity, national origin, disability, or status as a protected veteran. Visit https://www.yoh.com/applicants-with-disabilities to contact us if you are an individual with a disability and require accommodation in the application process.",,https://job-openings.monster.com/certified-or-registered-medical-assistant-houston-tx-us-yoh-a-day-zimmermann-company/2c4b92a1-13a3-4cd0-9f01-c7ba1f7e86ff,2c4b92a1-13a3-4cd0-9f01-c7ba1f7e86ff,monster,Phlebotomy-Phlebotomist
new,Full-time Sitter For 80-year Old Mother Recovering From Mild Stroke,Care.com,"Houston, TX",2021-01-09,"Morning routine, restroom, dressing, meal prep
Clean up kitchen
Administer medication 
Physical therapy, assist with walking around the house, outside if weather permits
Rest
Lunch time meal prep
Clean up kitchen
Physical therapy
Rest
Dinner time meal prep
Clean up kitchen 
Relaxing/ TV
Administer medication
Bed time routine, bathing

Take blood pressure as needed daily using arm cuff machine
Speech is hindered due to the stroke but with patience we can communicate.

Some days attend physical therapy or doctor appointments to assist with transferring from wheelchair to car and back.

Prayer
Some TV

Bilingual preferred

Yes

No pets",,https://job-openings.monster.com/full-time-sitter-for-80-year-old-mother-recovering-from-mild-stroke-houston-tx-us-care-com/5747420f-56f4-4c9c-a62a-658611918eb0,5747420f-56f4-4c9c-a62a-658611918eb0,monster,Phlebotomy-Phlebotomist
new,Registered Nurse (RN) (PRN) Neuro Trauma ICU,HCA Houston Healthcare Clear Lake,"Webster, TX",2021-01-10,,,https://job-openings.monster.com/registered-nurse-rn-prn-neuro-trauma-icu-webster-tx-us-hca-houston-healthcare-clear-lake/3022bdbe-331d-48b2-963a-a2555b73e65d,3022bdbe-331d-48b2-963a-a2555b73e65d,monster,Phlebotomy-Phlebotomist
new,Phlebotomist,"Clinical Pathology Laboratories, Inc.","Houston, TX",2021-01-08,"Job Functions, Duties, Responsibilities and Position Qualifications:
Position Summary: Responsible for accurately obtaining blood samples via venipuncture and capillary collection procedures with minimum customer discomfort. Provides care to patients whose ages range from infant to geriatric. Ensures specimen integrity by adhering to the laboratorys procedures for specimen collection, handling, and processing. Adheres to departmental policies and procedures to include departmental programs, quality control, quality assurance, and safety.
Principal Responsibilities:
Utilize technical skills and abilities to perform accurate venipuncture and capillary blood collection. Utilizes technical skills and abilities to accurately handle and process specimens.
Follows laboratory procedures for specimen collection and handling.
Correctly identifies patient and properly labels specimens.
Correctly identifies and utilizes proper tubes, containers, transport media, and storage temperature for each test type.
Correctly identifies proper priority for collection process.
Follows appropriate guidelines as established by the laboratory for missed draws, recollects, or difficult sticks.
Utilizes job knowledge, judgment, and problem solving skills to ensure quality.
Utilizes resources for proper collection and processing of requested tests.
Utilizes resources to answer inquiries for test information and basic customer related issues.
Understands and follows all safety, infection control, and OSHA Blood Borne Pathogen guidelines.
Understands and follows all CPL Compliance policies.
Understands and follows all HIPAA guidelines.
Participates in departmental quality assurance programs.
Participates in any laboratory training programs.
Effectively utilizes departmental resources
Demonstrates efficiency by timely performing procedures and determining priority.
Utilizes appropriate supplies with minimal waste.
Operates equipment to maximize efficiency and minimize down time.
Utilizes unstructured time constructively.
Utilizes personal and professional skills to promote customer relations
Communicates with laboratory staff and its customers to ensure quality patient care.
Maintains and supports a service oriented relationship with customers.
Respects and maintains the confidentiality of information relative to customers.
Strives to maintain a positive work environment.
Enthusiastically performs miscellaneous duties with completion in a designated time frame.
Scope: Promotes quality patient/client relations and creates supportive climate by serving as a role model. Respects and maintains the confidentiality of information relative to the laboratory. Adheres to all laboratory policies and regulations. Works with minimal direction, consults with supervisors as needed. Functions as a liaison between the laboratory and the laboratory customers. Operates general laboratory equipment, including but not limited to: telephones, computer keyboards and CRT, centrifuges, and manual pipettes. Effectively communicates via written, verbal, face-to-face, telephone, and computer methods.
This role will have routine access to Protected Health Information (PHI). Employees will be trained on reasonable safeguards and are expected to maintain strict confidentiality, as well as abide by all applicable privacy and security standards. Employees are expected only to access PHI when it is required to fulfill job duties.
Education: High School Diploma or GED
Certification: Preferred  Certified by the American Society of Phlebotomy Technicians
Experience:
Minimum  training or experience in specimen collection and/or processing.
Preferred  two years of laboratory training or experience in specimen collection and processing.
Skills: Ability to communicate effectively at all levels within the laboratory and with laboratory customers. Ability to read and write.
Reporting Relationship: Reports to Laboratory Patient Service Center Team Leader.
Physical Demands: Requires light to medium lifting and carrying of objects weighing up to 50 pounds. Requires manipulation of tools, objects, and equipment using the following physical motions: pushing, pulling, lifting, reaching above shoulder height, grasping with both hands, pinching with thumb and forefinger, twisting with hand and wrist, climbing under, lifting up, lifting down, and reaching under. Routinely requires coordination of two or more physical operations. Routinely requires visual discrimination of color, size, shape, and motility. Requires ability to hear audible alarms on any temperature monitored equipment and automated analyzers.
Environmental Demands: Works in temperature controlled environment with constant exposure to biological and chemical hazards. May be required to operate fire and safety equipment or follow other safety procedures in an emergency situation. May be required to work with time constraints and crisis situations.
Scheduled Weekly Hours:
40
Work Shift:
1st Shift (United States of America)
Company:
Clinical Pathology Laboratories, Inc.
Sonic Healthcare USA provides equal employment opportunities to all employees and applicants for employment and prohibits discrimination and harassment of any type without regard to race, color, religion, age, sex, national origin, disability status, genetics, protected veteran status, sexual orientation, gender identity or expression, or any other characteristic protected by federal, state or local laws.
This policy applies to all terms and conditions of employment, including recruiting, hiring, placement, promotion, termination, layoff, recall, transfer, leaves of absence, compensation and training.",,http://www.indeed.com/viewjob?jk=c635abc7be2598e2,c635abc7be2598e2,indeed,Phlebotomy+lab
new,Phlebotomist,St. Luke's Medical Center,"Houston, TX 77070",2021-01-07,"Overview:
Baylor St. Luke's Medical Center is an 881-bed quaternary care academic medical center that is a joint venture between Baylor College of Medicine and CHI St. Luke's Health. Located in the Texas Medical Center, the hospital is the home of the Texas Heart Institute, a cardiovascular research and education institution founded in 1962 by Denton A. Cooley, MD. The hospital was the first facility in Texas and the Southwest designated a Magnet hospital for Nursing Excellence by the American Nurses Credentialing Center, receiving the award five consecutive times. Baylor St. Luke's also has three community emergency centers offering adult and pediatric care for the Greater Houston area.

Responsibilities
The Client Services Tech I/Phlebotomist in our Inpatient Phlebotomy and processing department you will have direct contact with patients and laboratory customers and is instrumental in creating an atmosphere of trust and confidence while performing job duties. As a Client Service Technician, you will routinely perform duties in one of the two designated sections of the Client Services Department as described below:
You will perform all functions associated with the transport, receipt, processing, storage, and retrieval of laboratory specimen according to established procedures and perform all tasks related to answering and triaging incoming calls to the appropriate laboratory department, as well as monitoring STAT testing completion report and assisting in calling critical test results when necessary according to established procedures.

Qualifications

Required:
High School Diploma/GED

Minimum Experience:
One (1) year of relevant work experience.
Excellent Phlebotomy skills and Customer Service skill preferred.

CommonSpirit Health participates in E-verify.",,http://www.indeed.com/viewjob?jk=f6781693e6687700,f6781693e6687700,indeed,Phlebotomy+lab
new,Research Coordinator I,Baylor College of Medicine,"Houston, TX 77030 (Medical Center Area area)",2021-01-08,"Summary
The Research Coordinator I will coordinate the day to day activities of the Texas Mental Health Care Consortium (TCHATT) program under Dr. Laurel Williams. The Research Coordinator will screen, and enroll children and adolescents from partnered schools within the community into the behavioral health medicine services provided by TCHATT. The Research Coordinator will ensure accurate data collection and documentation from all participants and assist with the day to day activities of the program.
Job Duties
Interviews, screen and recruits patients for study; explains process and procedures to educate participant regarding the research study.
Collects patient information; processes documents and enters information into a database. May perform Venipuncture (blood draws), EKGs/ECGs and obtain vital signs on study participants.
Collects, process, ship, and maintain paperwork for blood and/or biological specimens according to procedures outlined in study protocol.
Receives on the job training of phlebotomy and EKGs/ECGs prior to performing on study participants.
Maintains records and regulatory documents and records for research studies.
Schedules research participant for tests and procedures such as laboratory tests, x-rays, and other studies specific for the research protocol.
Retrieves and submits test results to appropriate party.
Corresponds with patient throughout study.
Orders supplies and equipment.
Minimum Qualifications
High School diploma or GED.
Three years of relevant experience.
Preferred Qualifications
Bachelor's degree in a related field.

Baylor College of Medicine is an Equal Opportunity/Affirmative Action/Equal Access Employer.
 5725
CA; CH",,http://www.indeed.com/viewjob?jk=4fcb12382c8cc331,4fcb12382c8cc331,indeed,Phlebotomy+lab
new,Phlebotomist II,Quest Diagnostics,"Friendswood, TX",2021-01-08,"Go the extra mile. Patients and Physicians rely on our diagnostic testing, information and services to help them make better healthcare decisions. These are often serious decisions with far reaching consequences, and require sensitivity, tact and a clear dedication to service. Its about providing clarity and hope.
In Patient Services you will work for the world leader in the industry, with a career where you can expand your skills and knowledge. Youll have a role where you can act with professionalism, you can inspire colleagues, and you can care about the work we do and the people we serve.
At Quest, Patient Service roles are tremendously important  it is a patient-focused role where it is essential to remember that there is a life and person behind every test tube. Your skills are critical, as is your ability to work with the patients. The role is varied and offers a developing career in Phlebotomy due to the scale and reach of Quest. You can grow and improve your skills in a fast-moving, supportive team environment. Most importantly, you can help us make a real difference.

Phlebotomist II - Friendswood, TX req58321

Rep PS II (Phleb)- Friendswood, Texas - Monday to Friday
Job Summary
The Patient Services Representative II (PSR II) represents the face of our company to patients who come to Quest Diagnostics, both as part of their health routine or for insights into life-defining health decisions. The PSR II draws quality blood samples from patients and prepares those specimens for lab testing while following established practices and procedures. The PSR II has direct contact with patients and creates an atmosphere of trust and confidence while explaining procedures to patients and drawing blood specimens in a skillful, safe and accurate manner. The PSR II will demonstrate Quest Leadership Behaviors while focusing on process excellence skills and sensitivity to confidentiality and accuracy to patient information. Successful applicants may be assigned to a doctor's office, a patient service center, in a house call environment, long term care or as business needs dictate.
Job Accountabilities (Responsibilities)
1.Collect specimens according to established procedures. This includes, but not limited to: drug screens, biometric screening and insurance exams.
2.Administer oral solutions according to established training.
3.Research test/client information and confirm and verify all written and electronic orders by utilizing lab technology systems or directory of services.
4.Responsible for completing all data entry requirements accurately including data entry of patient registration; entry of test order from requisition or pulling order from database; managing Standing Orders.
5.Enter billing information and collect payments when required, including the safeguarding of assets and credit card information.
6.Data entry and processing specimens including: labeling, centrifuging, splitting, and freezing specimens as required by test order.
7.Perform departmental-related clerical duties when assigned such as data entry, inventory, stock supplies, and answer phones when needed.
8.Read, understand and comply with departmental policies, protocols and procedures: (i.e. Procedure Manuals, Safety Manual, Compliance Manual, Automobile Policies and Procedures, Employee Handbook, Quality Assurance Manual); and ensure that all staff members follow instructions.
9.Perform verification of patient demographic info / initials including patient signature post-venipuncture to verify tubes were labeled in their presence and that the name on the label is correct.
10.Assist with compilation and submission of monthly statistics and data.
11.Maintain all appropriate phlebotomy logs in a timely manner and based on frequency, such as maintenance logs and temperature logs.
12.Complete training courses and keep up-to-date with the latest phlebotomy techniques.
13.Travel to Territory Manager meeting if held off-site or off normal shift.
14.Participate on special projects and teams.
15.Stay-up-to date on company communications and assist with the distribution of technical information to the work group.
16.Perform Point of Care (POC) testing at those sites where needed and the complete training/competency evaluations per Standing Operating Procedure (SOP).
17.With appropriate training, act as mentor and resource for new employees, assisting with transition into the PSC work environment and the familiarity with established procedures.
18.Assist with periodic inventory counts, report shortages and problems to group leader or supervisor as they occur.
19.Assist with the preparation of schedules for the assigned work group or PSC's.
20.Communicate professionally with clients to resolve or refer, and document problems, prepare problem documentation and report critical issues as they occur.
21.Ensure staff is following all safety precautions by wearing a clean, button lab coat, gloves and face shield when required.
22.Assist supervisors with the implementation of SOPs for phlebotomy services in accordance with Quest Diagnostics guidelines.
23.Ensure facilities are neat, clean and in good repair, takes appropriate action to advise Group Leader or Supervisor of required repairs and maintenance.
24.Will be required to act as a coach, mentor, instructor and resource advisor for new employees, as well as be the point of contact to staff on site and provide regular input to the group lead or supervisor.

Job Requirements
1.Ability to provide quality, error free work in a fast-paced environment.
2.Ability to work independently with minimal on-site supervision.
3.Excellent phlebotomy skills to include pediatric and geriatric.
4.Flexible and available based on staffing needs, which includes weekends, holidays, on-call and overtime.
5.Committed to all Quest Diagnostics Policies & Procedures including Company dress code, Employee Health & Safety, and Quest Diagnostics Everyday Excellence Guiding Principles.
6.Must be able to make decisions based on established procedures and exercise good judgment.
7.Must have reliable transportation, valid driver license, and clean driving record, if applicable.
8.Travel and flexible hours required to work multiple locations and required to cover at Patient Service Center/Mobile/Long-Term Care/In-Office Phlebotomy locations with minimal notice.
9.Capable of handling multiple priorities in a high volume setting.
10.Must demonstrate Superior Customer Focus; ability to communicate openly and transparently with peers, supervisors and patients; ability to accelerate and embrace change throughout Quest; and Knowledge of our business.

Physical Requirements
1.Lift light to moderately heavy objects. The normal performance of duties may require lifting and carrying objects. Objects in the weight range of 1 to 15 pounds are lifted and carried frequently; objects in the weight range of 16 to 25 pounds are lifted and carried occasionally and objects in the weight range of 26 to 40 pounds are seldom lifted and carried. Objects exceeding 41 pounds are not to be lifted or carried without assistance.
2.Must be able to sit or stand for long periods of time; requires long hours of eye and hand coordination.
3.Must be able to perform repetitive tasks with dominant hand frequently to constantly throughout the day.
4.Position requires travel.
5.Extensive use of phone and PC.
6.Fine dexterity with hands/steadiness.
7.Talking.
8.Walking.
9.Balancing.
10.Bending/kneeling.
11.Pushing/pulling.
12.Reaching/twisting.
 [All requirements are subject to possible modifications to reasonably accommodate individuals with disabilities. All duties and requirements are essential job functions.]

Required Education
1.High school diploma or equivalent.
2.Medical training: medical assistant or paramedic training preferred.
3.Phlebotomy certification preferred. Required in California, Nevada, and Washington.

Work Experience
1.Three years phlebotomy experience required, inclusive of pediatric, geriatric and capillary collections.
2.Minimum 2 years in a Patient Service Center environment preferred.
3.Customer service in a retail or service environment preferred.
4.Keyboard/data entry experience.
All requirements are subject to possible modifications to reasonably accommodate individuals with disabilities. Quest Diagnostics is an Equal Opportunity Employer: Women / Minorities / Veterans / Disabled / Sexual Orientation / Gender Identity / Citizenship.",,http://www.indeed.com/viewjob?jk=14091fada24d19f7,14091fada24d19f7,indeed,Phlebotomy+lab
new,MLT/MT- Medical Technologist-Deke Slayton,Texas Oncology,"Webster, TX",2021-01-08,"Position Summary Texas Oncologyis looking for aMedical Technologist/ Medical Lab Tech.to join our team!This position will supportTheTexas Oncology Deke Slayton Location and will float to various other sites as needed. Texas Oncologyis the largest community oncology provider in the country and has approximately 600+ providers in 220+ sites across Texas and southeastern Oklahoma. Our founders pioneered community-based cancer care because they believed in making the best available cancer care accessible to all communities, allowing people to fight cancer at home with the critical support of family and friends nearby. Our mission is still the same todayat Texas Oncology, we use leading-edge technology and research to deliver high-quality, high-touch, evidence-based cancer care to help our patients achieve More breakthroughs. More victories.  in their fight against cancer. Today,Texas Oncologytreats half of all Texans diagnosed with cancer on an annual basis.   Why work for us? One reason to join our team is because we offer our employees a competitive benefits package that includes Medical, Dental, Vision, Life Insurance, Short-term and Long-term disability coverage, a 401k plan that comes with a company match, a Wellness program that rewards you practicing a healthy lifestyle, and lots of other great perks such as Tuition Reimbursement, an Employee Assistance program and discounts on some of your favorite retailers.  The ideal candidate for thepositionwill have the following background and experience:  Associates or Bachelors Degree in Medical Lab Technology or Laboratory Science ASCP certification or AMT certification preferred Must be able to draw blood Must be comfortable with manual differential testing   What does thepositiondo? TheMLT/MT isresponsible for accurately performing specimen analysis, instrument maintenance, and quality control procedures including moderate and high complexity laboratory tests. Initiates and follows quality assurance and safety policies and procedures. Performs specimen collection and assists with patient flow as needed.Will travel to other sites within the Houston area as needed.(Baytown, Sugarland and Pearland.)   The essential duties and responsibilities:  Follows laboratory's procedures for specimen handling and processing test analysis, reporting and maintain records of patient results. Performs specimen analysis of all Chemistry, Hematology and Immunology specimens Maintains and operates all laboratory equipment, performs daily weekly and monthly instrument maintenance as indicated Adheres to the laboratorys quality control policies and documents all QC activities, instrument and procedural calibrations, and instrument maintenance. Records proper lot numbers of all controls, calibrators, and reagents Participates in proficiency testing by performing sample analysis and reporting results at least once a year Prepares peripheral blood smear and completely performs complete WBC differential on normal and abnormal smears   Texas Oncology is part of the US Oncology Network and is an Equal Opportunity Employer. All qualified applicants will receive consideration for employment without regard to race, color, religion, sex, sexual orientation, gender identity, or national origin.  Category: Clinical Post to: *M The US Oncology Network is an Equal Opportunity Employer. All qualified applicants will receive consideration for employment without regard to race, color, religion, sex, national origin, sexual orientation, gender identity, disability or protected veteran status.",,https://job-openings.monster.com/mlt-mt-medical-technologist-deke-slayton-webster-tx-us-texas-oncology/223343610,223343610,monster,Phlebotomy-lab
new,RN Home Health Nurse,The Judge Group,"Bellaire, TX",2021-01-07,"Location:  Bellaire, TXDescription: RN Home Health Nurse - Bellaire, TX MarketDuties:Primary functions of the Registered Nurse are to administer skilled nursing care for clients of all ages in their place of residence, coordinate care with the interdisciplinary team, patient/family and referring agency and assume the responsibility for coordination of care.Essential Functions:1. Assess home health and/or hospice patients in stable and emergent situations to identify the physical, psychosocial and environmental needs as evidenced by documentation, clinical record, case conference, team report and evaluations.2. Implement, develop, document and evaluate the Plan of Care (POC) to ensure quality and continuity of care.3. Obtain data on physical, psychological, social, spiritual and cultural factors that may influence patient/family health status and incorporate that data in to the Plan of Care (POC).4. Assure continuity of quality patient care delivered with appropriate documentation. Maintain up-to-date patient records so that all visits, contacts, problems, plans, actions and goals are accurately and clearly stated and changes are reflected as they occur.5. Provide care utilizing infection control measures that protect both the staff and the Patient (OSHA).6. Educates patients and/or their families regarding care, diet, medications, home safety, etc. Uses teaching methods appropriate to the age, condition, culture and assessed learning-readiness of the patient and/or family members. Consistently teaches and promotes self-care practices.7. Supervise and provide clinical directions to the HHA/STNA/LVN to ensure quality and continuity of service provided.8. Assess and reassess pain. Utilize appropriate pain management techniques. Educate the patient and family regarding pain management.9. Arranges referrals to appropriate agencies when need exists.10. Monitor assigned cases to ensure compliance with requirements of third party payer.11. Performs on-call responsibilities and provide on-call services to patients/families as assigned.12. Provides effective communication and serves as a liaison to patients/family, team members, administration, physicians and other health care professionals.13. Attends interdisciplinary team meetings and other meetings when necessary and appropriate.14. Performs other related duties as assigned or requested.Knowledge/Skills/Abilities:1. Demonstrated ability to assess and respond to the needs of patients and families in varied settings.2. Ability to communicate effectively with patients and their family members and at all levels of the organization.3. Knowledge of medications and their correct administration.4. Must have knowledge of venipuncture and IV care5. Is competent in (1) stage (as appropriate), measure and treat surgical wounds and decubiti, (2) administer inhalation therapy, (3) perform phlebotomy for outpatient lab testing, and (4) develop and initiate bowel and/or bladder training programs for the home care and/or hospice patient, in addition to all routine medical/surgical nursing skills.6. Is competent in (1) care and maintenance of indwelling catheters and drains, (2) safe use of all durable medical equipment routinely used in home setting, and (3) safe use of restraints in the home, under the orders of a physician7. Ability to organize tasks, develop action plans, set priorities and function under stressful situations.8. Maintains current licensure certifications and meets mandatory continuing education requirements.9. Demonstrates commitment, professional growth and competency.10. Ability to work flexible schedule and travel locally.11. Ability to maintain confidentiality12. Demonstrated ability to work independent and cooperatively as an effective team member.Skills:Homecare Homebase Software Experience  RequiredOASIS Experience  RequiredCurrent state license as a Registered Nurse - RequiredCHPN certification - PreferredProof of current CPR certification - RequiredCurrent drivers license - RequiredMust have reliable transportation and insurance - Required1-2 years experience as a Registered Nurse in a clinical care setting - Required2+ years Home health experience  Required.Education:Graduate of an accredited Associate Degree in Nursing or Nursing Diploma program - RequiredBachelors of Science in Nursing - PreferredCertifications & Licenses:CPR certificationDriver's LicenseRegistered NurseContact:mmabry@judge.comThis job and many more are available through The Judge Group. Find us on the web at www.judge.com",,https://job-openings.monster.com/rn-home-health-nurse-bellaire-tx-us-the-judge-group/223061622,223061622,monster,Phlebotomy-lab
new,Phlebotomist,CommonSpirit Health,"Pasadena, TX",2021-01-08,"Overview  Patients Medical Center (PMC) provides inpatient and outpatient medical and surgical services to residents of Pasadena, Deer Park, La Porte, Baytown, and Clear Lake. The facility includes 53 medical/surgical beds, eight ICU beds and three endoscopy rooms, and offers a range of primary and specialized serviceswound care, general surgery, gastroenterology, occupational health, heart and vascular, womens services, diagnostic imaging, outpatient rehab services, and sleep disorders.  Responsibilities  Responsible for skillful and appropriate specimen collection, by all methods, age groups, and outpatient settings. The position must record all outpatient lab orders and assist outpatient nursing services with order entry and collection of patient specimens. monitors Care Manager and LIS interface order entry for error messages, cancellations. handles routine send-out processing for reference laboratory work; assist with inpatient specimen processing and ordering if needed.  1. Collects blood specimens from patients of all age groups, according to section standard operating procedures, to include positive patient identification, and using proper collection technique  2. Maintains specimen collection supplies in outpatient testing area according to laboratory policy  3. Completes and Maintains all paperwork required for proper specimen processing in the laboratory of the outpatient testing area specimens  4. Performs computer test order entry as needed, according to laboratory policy, to include all patient information, tests, date/time of collection, priority, and appropriate sample information  5. Establish and maintain cooperative relationship with patients, staff, and physicians  6. Performs daily/weekly scheduled maintenance to maintain area in clean and orderly condition; observes safety regulations and policies; Participates in all required safety in-services; reviews departmental policies annually or as needed  7. Assigned to outpatient care area to assist nursing services with test order entry to expedite specimen collection and transport, to resolve uncollected labs through open communication with nursing and to maintain communication  8. Proper collection, processing and handling of routine send-out specimens for reference laboratories according to specific laboratory requirements and Standard Operating Procedure  9. Proper collection, processing and handling of routine send-out specimens for contract accounts according to their specific laboratory requirements and Standard Operating Procedure  10. Performs other duties as assigned  Qualifications  *High School Diploma/GED  *One (1) year of experience, or six months training in a clinical laboratory, medical clinic, hospital, or vocational school, to include phlebotomy experience or technical training as a certified Medical Assistant  *Ability to perform all methods of phlebotomy for all age groups  Connect With Us!  Not ready to apply, or can't find a relevant opportunity?  to learn more about a career at CommonSpirit  Health and experience #humankindness.  CommonSpirit Health participates in E-verify.  Requisition ID  _2021-148281_  Employment Type  _Per Diem_  Department  _Clinical Laboratory Services_  Hours / Pay Period  _40_  Facility  _CHI St. Luke's HealthPatients Medical Center_  Shift  _Varied_  Standard Hours  _Varies_  Work Schedule  _8 Hour_  Location  _TX-Pasadena_Equal OpportunityCommonSpirit Health is an Equal Opportunity/ Affirmative Action employer committed to a diverse and inclusive workforce. All qualified applicants will be considered for employment without regard to race, color, religion, sex, sexual orientation, gender identity, national origin, age, disability, marital status, parental status, ancestry, veteran status, genetic information, or any other characteristic protected by law.",,https://job-openings.monster.com/phlebotomist-pasadena-tx-us-commonspirit-health/e913af8d-8b52-4f15-93ae-fb4f82619467,e913af8d-8b52-4f15-93ae-fb4f82619467,monster,Phlebotomy-lab
new,Phlebotomist in League City TX,American Biometric Health,"League City, TX",2021-01-07,"American Biometric Health is looking for a phlebotomy specialist in League City, Texas Individuals, Clients, and Physicians depend on our licensed phlebotomy diagnostic screening, info, and also services to aid them make better healthcare decisions in League City, Texas.With American Biometric Health, you will help the leader in the Phlebotomy Sector, with a phlebotomy technician career where you can broaden your basic clinical skills and understanding. We work with skilled phlebotomy technician but can educate on the job for those that do not have sufficient blood attracts or not enough current blood draws. You are a doctor as well as will have the leading phlebotomy work duty where you can show expertise, always be motivate colleagues, and also you can respect the job we do and individuals we offer in League City, Texas.At American Biometric Health, phlebotomist roles are enormously vital-- it is a patient-focused role where it is essential to keep in mind that there are life and individual behind every examination tube as well as every blood draw. Your phlebotomy abilities are crucial, as is your capability to deal with the individuals in League City, Texas. The phlebotomy professional function is varied as well as offers a developing career in the phlebotomy sector because of the range as well as reach of American Biometric Health. You can expand as well as enhance your phlebotomy abilities in quick acting as well as relocating, supportive phlebotomy group setting. Most notably, you can as well as will help us make a genuine distinction.Phlebotomy Work Summary in League City, Texas.The Phlebotomy Professional represents the face of our company to patients who concern American Biometric Health and also for those that look for outside house or workplace testings, both as component of their health routine or for insights into life-defining wellness choices. We do phlebotomy draws high quality blood examples from clients, and also prepares those samplings for laboratory testing while following established techniques and procedures. American Biometric Health always has straight contact with clients as well as creates an atmosphere of depend on and also self-confidence while explaining procedures to clients as well as drawing blood specimens in a proficient, secure, and precise fashion. The phlebotomy specialist will demonstrate excellent phlebotomy service technician job skills while focusing on procedure excellence abilities and level of sensitivity to discretion and precision to person information. Successful applicants may be appointed to work in a physician's office, a client solution center, in a residence telephone call atmosphere, or as service demands dictate.Job Accountabilities (Obligations).1. Gather phlebotomy specimens according to recognized phlebotomy job procedures. As a phlebotomy specialist work leader, you will be needed to understand exactly how to carry out include medicine displays, biometric testing, as well as mobile phlebotomy insurance tests.2. Administer dental options, according to phlebotomy, established phlebotomy training.3. Study test/client info and also confirm and validate all composed as well as electronic orders by using lab innovation systems or directory site of solutions.4. Responsible for finishing all information access demands precisely, consisting of information entrance of person registration; entry of test order from requisition or drawing order from database; managing Standing Orders to much more complex phlebotomy jobs that call for full phlebotomy biometric testings.5. Get in payment info and accumulate settlements from patients when needed, consisting of the securing of properties as well as bank card info.6. Data access as well as blood handling samplings, including labeling, centrifuging, splitting, mailing, and cold samplings as needed by phlebotomy examination order.7. Carry out departmental-related clerical tasks when appointed such as information access, inventory, supply materials, and also address phones when required.Task Demands.1. Ability to supply top quality phlebotomy work, error-free medical phlebotomy operate in a fast-paced clinical environment.2. Capacity to function independently as well as be a mobile phlebotomist with minimal on-site phlebotomy work supervision.3. Outstanding phlebotomy skills to include pediatric as well as geriatric.4. Adaptable and also offered based on staffing needs, that includes weekend breaks, vacations, on-call, as well as overtime.5. Must shows premium consumer emphasis; ability to communicate openly and also transparently with peers, supervisors, and also clients; capacity to increase and also embrace adjustment throughout Quest; as well as understanding of our organization.Physical Requirements.1. Raise light to reasonably hefty objects that are the ordinary points when it involves a phlebotomy professional job. The normal performance of tasks may need lifting and bring items, however the things will not more than 50 pounds.2. Phlebotomists Should have the ability to sit or mean long periods of time; occasionally we call for lengthy hours of work and remarkable phlebotomy hand coordination.3. Doctor Have to have the ability to perform repeated jobs with the dominant hand frequently to frequently throughout the day.Required Education.1. A senior high school diploma or matching is needed in order to work this phlebotomy work if you have an accreditation that will aid assist the procedure and we take degrees from various other nations as long as they have been translated.2. Clinical training: clinical assistant or paramedic training favored.3. National Phlebotomy accreditation liked. It is required in The golden state, Nevada, Lousiana, as well as the Texas of Washington to have a nationwide phlebotomy specialist certifications from one of the following companies. We accept certifications from the following firms but will check out every person just as, NHA, American Biometric Health, AMT, as well as ASCP is constantly chosen.Work Experience.Six Month to 1 year phlebotomy job experience is very chosen.Superb Client Service in a retail or medical service environment fields is liked.We need you to be great with the computer and phone and know basic skills when it involves utilizing innovations of all different elements in order to perform well for this phlebotomy work.All demands that are created above are subject to possible adjustments to reasonably accommodate individuals with any kind of disabilities. We are a Level Playing Field Company and do not take any discrimination on the phlebotomy jobs that relate to being women or minorities. We welcome all professionals and handicapped phlebotomy specialists. We also never act on any type of sexual preference or gender identification and think all people are equivalent and should be treated the very same.Powered by JazzHR",,https://job-openings.monster.com/phlebotomist-in-league-city-tx-league-city-tx-us-american-biometric-health/ad500a8d-8684-45ef-bbd8-32da5cd6b02e,ad500a8d-8684-45ef-bbd8-32da5cd6b02e,monster,Phlebotomy-lab
new,Phlebotomy MT,American Biometric Health,"League City, TX",2021-01-07,"Go above and beyond. Patients and Physicians rely on American Biometric Health Phlebotomy Health testing, details, and services to help them make better healthcare decisions. These are frequently severe decisions with significant consequences and also call for level of sensitivity, tact, as well as a clear phlebotomy job dedication to phlebotomy tasks service.It has to do with offering clearness and hope in the phlebotomy industry. American Biometric Health is looking for Phlebotomist in League City, Texas.In-Patient Phlebotomy Solutions you the phlebotomist will certainly work for the globe leader in the sector, with a job where you can broaden your phlebotomist skills and also understanding. Phlebotomists and Phlebotomy Technicians have a duty where you can show customer professionalism and reliability, you can motivate phlebotomists colleagues, as well as you can respect the work American Biometric Health does in League City, Texas as well as the people we serveAt American Biometric Health Phlebotomists Individual Service duties are enormously essential-- it is a phlebotomy client-focused duty where it is necessary to bear in mind that there are life and also individual behind every examination tube. Your phlebotomy skills are vital phlebotomy required to see to it we complete the phlebotomy screenings. The phlebotomy technology duty is varied as well as supplies a developing occupation in Phlebotomy due to the scale and also reach of American Biometric Health in League City, Texas.Phlebotomy Work Recap.The Phlebotomy Client Solutions Agent stands for the face of our business to patients that pertain to American Biometric Health, both as component of their health routine or for insights right into life-defining health and wellness choices. The wellness blood attracts quality blood examples from individuals and prepares those samplings for lab screening while adhering to recognized methods as well as treatments. The phlebotomists have direct contact with people and also clients across the country as well as produce a favorable phlebotomy ambience of proper education and learning and confidence while explaining procedures to people and drawing blood specimens in a competent, safe, and also exact fashion. The phlebotomy technician will demonstrate American Biometric Health Management and also Appropriate Phlebotomy Actions while concentrating on process phlebotomy professional top rate abilities as well as level of sensitivity to HIPAA and OSHA to discretion store phlebotomy and also venipuncture as well as accuracy to customers secret information.Effective phlebotomy technician work applicants may be designated to work in a business office setup, a phlebotomy task person service center, in a house phone call atmosphere, or as business requirements determinePhlebotomy Job Accountabilities (Duties).Collect samplings, according to well established medical health corporate phlebotomy procedures. This consists of great deals of responsibilities yet is not limited to worker phlebotomy medication screens, phlebotomists biometric testing, as well as paramedical insurance tests.Provide dental options according to well established phlebotomist manager training.Research test/client phlebotomy information and also confirm as well as validate all written and electronic orders by making use of lab modern technology systems or directory site of solutions.Responsible for completing payment as well as coding all information entrance demands precisely consisting of phlebotomy information access of phlebotomists patient enrollment types to do well entry of blood examination orders from individual and also customer appropriation or drawing orders from laboratory database; managing Standing Orders.Phlebotomy Task Required Education.High school diploma advertisement or GED or equal or abroad level..Phlebotomy Medical training is needed from a trustworthy establishment or college or school medical aide training is a bonus..National Phlebotomy Accreditation is absolutely chosenPhlebotomy Job Working Experience.Minimum six months to one-year phlebotomy or phlebotomy assistant experience is required for this phlebotomy task.Phlebotomy Client service in a retail or solution atmosphere favored.Computer skills are required for this phlebotomy work. Using a smart device and also phlebotomy data access experience.Every one of the phlebotomist's demands go through possible alterations to fairly accommodate people with impairments. American Biometric Health is a Level Playing Field Company: Female/ Minorities/ Veterans/ Impaired/ Sexual Orientation/ Gender Identification/ Citizenship.Powered by JazzHR",,https://job-openings.monster.com/phlebotomy-mt-league-city-tx-us-american-biometric-health/44fdafac-eea8-4c78-b1df-54d58ade9e3e,44fdafac-eea8-4c78-b1df-54d58ade9e3e,monster,Phlebotomy-lab
new,Lab Assistant FT( 0800-1730),Steward Healthcare,"Houston, TX",2021-01-08,"Location: St. Joseph Medical CenterPosted Date: 1/6/2021JOB SUMMARY:Performs clerical and technical functions to ensure smooth workflow of the department such as processing specimens, sending specimens to reference labs, and giving results to physicians and/or nurses. Assesses integrity, appropriateness, and labeling of specimens. Corrects or informs appropriate personnel of issues. Maintains adequate supplies and performs clerical functions such as faxing, filing, using the LIS and HIS systems, answering telephone, etc. Operates/maintains equipment in designated area. In some areas, may be required to perform specialized duties such as issuing blood, collecting blood, setting up testing procedures, verifying insurance, or assisting with autopsies.PRINCIPAL DUTIES AND RESPONSIBILITIES:Consistently supports the hospitals Spirit of Serving Standards, in line with the Mission, Vision and values of St. Joseph Medical Center.Follows the guidelines related to the Health Insurance Portability and Accountability Act (HIPAA), designed to prevent or detect unauthorized disclosure of Protected Health Information (PHI).3. Promotes a culture of safety for patients and Associates through proper identification, properreporting, documentation and prevention of medical errors in a non-punitive environment.Assesses integrity, appropriateness, and labeling of specimens. Corrects or informs appropriate personnel of issues.Performs clerical functions such as faxing, filing, reviewing orders, using the LIS and HIS systems, and answering telephones.6. Operates/maintains equipment in assigned area such as centrifuges, pneumatic tubes, pre-analyticinstrumentation7. Accessions specimens into computer in a timely manner.8. Depending on section of the Laboratory:Collects blood samples following established procedures and aseptic techniques.Sets up specimens for testing, inoculates microbiology plates, performs preliminary phase of some testing.Verify insurance and diagnosis codeIssues blood and components to nursing personnel.Processes specimens, and routes out to appropriate workstation.Processes specimens to be sent out to reference labs.Performs order entry for various types of specimens and processes admissions for different patient types, ie. insurance, contract and self-pay.Assists with the processing of blood products, reviews orders, issues blood components.Responsible for the accessioning and processing GYN and Non-GYN specimens/smears, as outlinedin the guidelines section of the cytology manual. Troubleshoots and corrects any problems.Runs control to ensure staining is satisfactory for Pathologist to review and interpret. Brings problems to attention of the Histology Coordinator. Troubleshoots and corrects any problems appropriately.Prepares laboratory solutions and reagents according to established procedures and precise formulae, an order to maintain adequate quantities to carry out assignments.Performs clerical functions such as faxing, filing, order review, obtaining/adding information from/to computer, answering telephones to give out information, placing direct calls and/or receiving information.Maintains equipment by performing routine maintenance, troubleshooting, cleaning and adjustment.Catalogues and files slides and blocks, and maintains records of activities performed.9. Participates in Performance Improvement activities by participating in PI groups and gives input to enhance and improve operations.Communicates/liaisons appropriately with health care providers to resolve problems (ie. inappropriate specimens, update status of specimens and to dialog to ensure proper usage of pneumatic tube).Assists with orientation and training of personnel.Maintains and monitors supplies and material management system.Communicates responsibly to the Manager/Supervisor any issues or concerns.Supportive of the compliance program set forth by IASIS and demonstrated by:Upholds the IASIS Standards of Conduct and Corporate Compliance.Adheres to and helps to enforce all compliance policies relevant to his/her area.Assures timely compliance education as requested by the Regional Compliance & Safety Officer and/or through corporate initiatives.Sets an example to all staff in their daily activities.MINIMUM KNOWLEDGE, SKILLS AND ABILITIES REQUIRED:Work Experience:Six months of experience in a clinical laboratory or physician office or currently pursuing an education in healthcare preferred.License/Registration/Certification:PBT (ASCP) for lab assistants collecting specimens preferredEducation & Training:Completion of high school diploma or GED.Skills:Technical, critical thinking and interpersonal skills relevant to area in order to effectively communicate with physicians, health team members, and patients and their families.Ability to prioritize work with minimal supervision in order to independently carry out the duties of the position.Able to communicate effectively both verbally and in writing.Additional languages preferred. Some phlebotomy locations require the ability to read, understand, and speak Spanish.Basic computer knowledge.Ability to work under stress in order to perform effectively in the position.Flexibility and initiative in workflow management.None.",,https://job-openings.monster.com/lab-assistant-ft-0800-1730-houston-tx-us-steward-healthcare/86d7f34d-a5b8-4756-a6ae-5d9e259121b4,86d7f34d-a5b8-4756-a6ae-5d9e259121b4,monster,Phlebotomy-lab
new,Limited Medical Radiologic Technologist / Collection Special...,DISA Global Solutions,"Pasadena, TX",2021-01-07,,Easily apply,http://www.indeed.com/viewjob?jk=dd30381358bb231f,dd30381358bb231f,indeed,Phlebotomy+lab
new,Phlebotomist,CHI St. Luke's HealthPatients Medical Center,"Pasadena, TX",2021-01-07,,,http://www.indeed.com/viewjob?jk=7b35d52c3b1f269b,7b35d52c3b1f269b,indeed,Phlebotomy+lab
new,Registered Nurse,The Judge Group,"Houston, TX",2021-01-12,"Location:  Houston, TXDescription:  Our client is currently seeking a Registered Nurse to work in a clinical environment in Katy TxThis job will have the following responsibilities:Triage PatientsCollect Lab Specimens (Including COVID swabs)Blood DrawsInjectionsPerform Medical Treatment/CareQualifications & Requirements:Must be a graduate of an accredited School of Nursing with current state licensureBLS/CPR certification required.Required to maintain CEU/CNEs as applicable for licensure.Knowledge of federal, state and local laws and regulations including OSHA and HIPAA requirements.Ability to perform venipuncture and lab specimen collectionsAll interested and qualified candidates please send resumes to Mark Bondi at mbondi@judge.com   or call me directly at 610-617-7446. Thank you and I look forward to working with you!Contact:mbondi@judge.comThis job and many more are available through The Judge Group. Find us on the web at www.judge.com",,https://job-openings.monster.com/registered-nurse-houston-tx-us-the-judge-group/223130022,223130022,monster,Phlebotomy-lab
